PHN_Name,URL
Central and Eastern Sydney,https://www.acnc.gov.au/charity/charities/0b3a1f5b-3aaf-e811-a963-000d3ad244fd/documents
Northern Sydney,https://www.acnc.gov.au/charity/charities/bbaef05b-3aaf-e811-a960-000d3ad24282/documents
Western Sydney,https://www.acnc.gov.au/charity/charities/73646e05-39af-e811-a962-000d3ad24a0d/documents
Nepean Blue Mountains,https://www.acnc.gov.au/charity/charities/652193de-38af-e811-a95e-000d3ad24c60/documents
South Western Sydney,https://www.acnc.gov.au/charity/charities/c4ea5b5d-3aaf-e811-a963-000d3ad24077/documents
South Eastern NSW,https://www.acnc.gov.au/charity/charities/44de5b5d-3aaf-e811-a963-000d3ad24077/documents
Western NSW,https://www.acnc.gov.au/charity/charities/170e5263-3aaf-e811-a963-000d3ad24077/documents
Hunter New England and Central Coast,https://www.acnc.gov.au/charity/charities/a9e35b5d-3aaf-e811-a963-000d3ad24077/documents
North Coast,https://www.acnc.gov.au/charity/charities/2d89fd37-39af-e811-a963-000d3ad244fd/documents
Murrumbidgee,https://www.acnc.gov.au/charity/charities/a7b98c5e-38af-e811-a963-000d3ad244fd/documents
North Western Melbourne,https://www.acnc.gov.au/charity/charities/ca130f53-39af-e811-a961-000d3ad24182/documents
Eastern Melbourne,https://www.acnc.gov.au/charity/charities/5ab1555d-3aaf-e811-a962-000d3ad24a0d/documents
South Eastern Melbourne,https://www.acnc.gov.au/charity/charities/a9411f5b-3aaf-e811-a963-000d3ad244fd/documents
Gippsland,https://www.acnc.gov.au/charity/charities/bf7af02c-39af-e811-a961-000d3ad24182/documents
Murray,https://www.acnc.gov.au/charity/charities/5e8af5eb-38af-e811-a963-000d3ad244fd/documents
Western Victoria,https://www.acnc.gov.au/charity/charities/ad1aff57-38af-e811-a961-000d3ad24182/documents
Brisbane North,https://www.acnc.gov.au/charity/charities/eacb1b72-38af-e811-a962-000d3ad24a0d/documents
Brisbane South,https://www.acnc.gov.au/charity/charities/124e557e-39af-e811-a962-000d3ad24a0d/documents
Gold Coast,https://www.acnc.gov.au/charity/charities/4458c224-39af-e811-a963-000d3ad24077/documents
Darling Downs and West Moreton,https://www.acnc.gov.au/charity/charities/4519c361-3aaf-e811-a95e-000d3ad24c60/documents
Western Queensland,https://www.acnc.gov.au/charity/charities/8b0e4a67-3aaf-e811-a963-000d3ad244fd/documents
"Central Queensland, Wide Bay, Sunshine Coast",https://www.acnc.gov.au/charity/charities/b3f6f945-38af-e811-a962-000d3ad24a0d/documents
Northern Queensland,https://www.acnc.gov.au/charity/charities/08bc4d61-3aaf-e811-a963-000d3ad244fd/documents
Adelaide,https://www.acnc.gov.au/charity/charities/748cfd37-39af-e811-a963-000d3ad244fd/documents
Country SA,https://www.acnc.gov.au/charity/charities/fda25c51-38af-e811-a963-000d3ad244fd/documents
"Perth North, Perth South, Country WA",https://www.acnc.gov.au/charity/charities/74a1c95b-3aaf-e811-a95e-000d3ad24c60/documents
Tasmania,https://www.acnc.gov.au/charity/charities/41f95724-39af-e811-a960-000d3ad24282/documents
Northern Territory,https://www.acnc.gov.au/charity/charities/abd4e5f0-38af-e811-a960-000d3ad24282/documents
ACT,https://www.acnc.gov.au/charity/charities/cccf3616-2caf-e811-a960-000d3ad24282/documents
